source,target
https://en.wikipedia.org/wiki/Artificial_intelligence,https://en.wikipedia.org/wiki/Deductive_reasoning
https://en.wikipedia.org/wiki/Artificial_intelligence,https://en.wikipedia.org/wiki/Uncertainty
https://en.wikipedia.org/wiki/Artificial_intelligence,https://en.wikipedia.org/wiki/Probability
https://en.wikipedia.org/wiki/Artificial_intelligence,https://en.wikipedia.org/wiki/Economics
https://en.wikipedia.org/wiki/Artificial_intelligence,https://en.wikipedia.org/wiki/Knowledge_representation
https://en.wikipedia.org/wiki/Artificial_intelligence,https://en.wikipedia.org/wiki/Knowledge_engineering
https://en.wikipedia.org/wiki/Artificial_intelligence,https://en.wikipedia.org/wiki/Database
https://en.wikipedia.org/wiki/Artificial_intelligence,https://en.wikipedia.org/wiki/Knowledge_base
https://en.wikipedia.org/wiki/Artificial_intelligence,https://en.wikipedia.org/wiki/Ontology_(information_science)
https://en.wikipedia.org/wiki/Artificial_intelligence,https://en.wikipedia.org/wiki/Default_reasoning
https://en.wikipedia.org/wiki/Artificial_intelligence,https://en.wikipedia.org/wiki/Knowledge_acquisition
https://en.wikipedia.org/wiki/Artificial_intelligence,https://en.wikipedia.org/wiki/Rational_agent
https://en.wikipedia.org/wiki/Artificial_intelligence,https://en.wikipedia.org/wiki/Automated_planning
https://en.wikipedia.org/wiki/Artificial_intelligence,https://en.wikipedia.org/wiki/Automated_decision-making
https://en.wikipedia.org/wiki/Artificial_intelligence,https://en.wikipedia.org/wiki/Utility
https://en.wikipedia.org/wiki/Artificial_intelligence,https://en.wikipedia.org/wiki/Expected_utility
https://en.wikipedia.org/wiki/Artificial_intelligence,https://en.wikipedia.org/wiki/Utility
https://en.wikipedia.org/wiki/Artificial_intelligence,https://en.wikipedia.org/wiki/Automated_planning_and_scheduling#classical_planning
https://en.wikipedia.org/wiki/Artificial_intelligence,https://en.wikipedia.org/wiki/Inverse_reinforcement_learning
https://en.wikipedia.org/wiki/Artificial_intelligence,https://en.wikipedia.org/wiki/Information_value_theory
https://en.wikipedia.org/wiki/Artificial_intelligence,https://en.wikipedia.org/wiki/Intractably
https://en.wikipedia.org/wiki/Artificial_intelligence,https://en.wikipedia.org/wiki/Markov_decision_process
https://en.wikipedia.org/wiki/Artificial_intelligence,https://en.wikipedia.org/wiki/Finite-state_machine
https://en.wikipedia.org/wiki/Artificial_intelligence,https://en.wikipedia.org/wiki/Reward_function
https://en.wikipedia.org/wiki/Artificial_intelligence,https://en.wikipedia.org/wiki/Reinforcement_learning#Policy
https://en.wikipedia.org/wiki/Artificial_intelligence,https://en.wikipedia.org/wiki/Policy_iteration
https://en.wikipedia.org/wiki/Artificial_intelligence,https://en.wikipedia.org/wiki/Heuristic
https://en.wikipedia.org/wiki/Artificial_intelligence,https://en.wikipedia.org/wiki/Game_theory
https://en.wikipedia.org/wiki/Artificial_intelligence,https://en.wikipedia.org/wiki/Machine_learning
https://en.wikipedia.org/wiki/Artificial_intelligence,https://en.wikipedia.org/wiki/Unsupervised_learning
https://en.wikipedia.org/wiki/Artificial_intelligence,https://en.wikipedia.org/wiki/Supervised_learning
https://en.wikipedia.org/wiki/Artificial_intelligence,https://en.wikipedia.org/wiki/Statistical_classification
https://en.wikipedia.org/wiki/Artificial_intelligence,https://en.wikipedia.org/wiki/Regression_analysis
https://en.wikipedia.org/wiki/Artificial_intelligence,https://en.wikipedia.org/wiki/Reinforcement_learning
https://en.wikipedia.org/wiki/Artificial_intelligence,https://en.wikipedia.org/wiki/Transfer_learning
https://en.wikipedia.org/wiki/Artificial_intelligence,https://en.wikipedia.org/wiki/Deep_learning
https://en.wikipedia.org/wiki/Artificial_intelligence,https://en.wikipedia.org/wiki/Artificial_neural_networks
https://en.wikipedia.org/wiki/Artificial_intelligence,https://en.wikipedia.org/wiki/Computational_learning_theory
https://en.wikipedia.org/wiki/Artificial_intelligence,https://en.wikipedia.org/wiki/Computational_complexity
https://en.wikipedia.org/wiki/Artificial_intelligence,https://en.wikipedia.org/wiki/Sample_complexity
https://en.wikipedia.org/wiki/Artificial_intelligence,https://en.wikipedia.org/wiki/Optimization
https://en.wikipedia.org/wiki/Artificial_intelligence,https://en.wikipedia.org/wiki/Natural_language_processing
https://en.wikipedia.org/wiki/Artificial_intelligence,https://en.wikipedia.org/wiki/English_(language)
https://en.wikipedia.org/wiki/Artificial_intelligence,https://en.wikipedia.org/wiki/Speech_recognition
https://en.wikipedia.org/wiki/Artificial_intelligence,https://en.wikipedia.org/wiki/Speech_synthesis
https://en.wikipedia.org/wiki/Artificial_intelligence,https://en.wikipedia.org/wiki/Machine_translation
https://en.wikipedia.org/wiki/Artificial_intelligence,https://en.wikipedia.org/wiki/Information_extraction
https://en.wikipedia.org/wiki/Artificial_intelligence,https://en.wikipedia.org/wiki/Information_retrieval
https://en.wikipedia.org/wiki/Artificial_intelligence,https://en.wikipedia.org/wiki/Question_answering
https://en.wikipedia.org/wiki/Artificial_intelligence,https://en.wikipedia.org/wiki/Noam_Chomsky
https://en.wikipedia.org/wiki/Artificial_intelligence,https://en.wikipedia.org/wiki/Generative_grammar
https://en.wikipedia.org/wiki/Artificial_intelligence,https://en.wikipedia.org/wiki/Semantic_network
https://en.wikipedia.org/wiki/Artificial_intelligence,https://en.wikipedia.org/wiki/Word-sense_disambiguation
https://en.wikipedia.org/wiki/Artificial_intelligence,https://en.wikipedia.org/wiki/Blocks_world
https://en.wikipedia.org/wiki/Artificial_intelligence,https://en.wikipedia.org/wiki/Margaret_Masterman
https://en.wikipedia.org/wiki/Artificial_intelligence,https://en.wikipedia.org/wiki/Thesauri
https://en.wikipedia.org/wiki/Artificial_intelligence,https://en.wikipedia.org/wiki/Word_embedding
https://en.wikipedia.org/wiki/Artificial_intelligence,https://en.wikipedia.org/wiki/Vector_space
https://en.wikipedia.org/wiki/Artificial_intelligence,https://en.wikipedia.org/wiki/Transformer_(machine_learning_model)
https://en.wikipedia.org/wiki/Artificial_intelligence,https://en.wikipedia.org/wiki/Attention_(machine_learning)
https://en.wikipedia.org/wiki/Artificial_intelligence,https://en.wikipedia.org/wiki/Generative_pre-trained_transformer
https://en.wikipedia.org/wiki/Artificial_intelligence,https://en.wikipedia.org/wiki/Bar_exam
https://en.wikipedia.org/wiki/Artificial_intelligence,https://en.wikipedia.org/wiki/SAT
https://en.wikipedia.org/wiki/Artificial_intelligence,https://en.wikipedia.org/wiki/GRE
https://en.wikipedia.org/wiki/Artificial_intelligence,https://en.wikipedia.org/wiki/Machine_perception
https://en.wikipedia.org/wiki/Artificial_intelligence,https://en.wikipedia.org/wiki/Lidar
https://en.wikipedia.org/wiki/Artificial_intelligence,https://en.wikipedia.org/wiki/Tactile_sensor
https://en.wikipedia.org/wiki/Artificial_intelligence,https://en.wikipedia.org/wiki/Computer_vision
https://en.wikipedia.org/wiki/Artificial_intelligence,https://en.wikipedia.org/wiki/Speech_recognition
https://en.wikipedia.org/wiki/Artificial_intelligence,https://en.wikipedia.org/wiki/Image_classification
https://en.wikipedia.org/wiki/Artificial_intelligence,https://en.wikipedia.org/wiki/Facial_recognition_system
https://en.wikipedia.org/wiki/Artificial_intelligence,https://en.wikipedia.org/wiki/Object_recognition
https://en.wikipedia.org/wiki/Artificial_intelligence,https://en.wikipedia.org/wiki/Motion_capture
https://en.wikipedia.org/wiki/Artificial_intelligence,https://en.wikipedia.org/wiki/Robotic_perception
https://en.wikipedia.org/wiki/Artificial_intelligence,https://en.wikipedia.org/wiki/Kismet_(robot)
https://en.wikipedia.org/wiki/Artificial_intelligence,https://en.wikipedia.org/wiki/Affective_computing
https://en.wikipedia.org/wiki/Artificial_intelligence,https://en.wikipedia.org/wiki/Affect_(psychology)
https://en.wikipedia.org/wiki/Artificial_intelligence,https://en.wikipedia.org/wiki/Virtual_assistant
https://en.wikipedia.org/wiki/Artificial_intelligence,https://en.wikipedia.org/wiki/Human%E2%80%93computer_interaction
https://en.wikipedia.org/wiki/Artificial_intelligence,https://en.wikipedia.org/wiki/Sentiment_analysis
https://en.wikipedia.org/wiki/Artificial_intelligence,https://en.wikipedia.org/wiki/Multimodal_sentiment_analysis
https://en.wikipedia.org/wiki/Artificial_intelligence,https://en.wikipedia.org/wiki/Artificial_general_intelligence
https://en.wikipedia.org/wiki/Artificial_intelligence,https://en.wikipedia.org/wiki/Human_intelligence
https://en.wikipedia.org/wiki/Artificial_intelligence,https://en.wikipedia.org/wiki/State_space_search
https://en.wikipedia.org/wiki/Artificial_intelligence,https://en.wikipedia.org/wiki/Local_search_(optimization)
https://en.wikipedia.org/wiki/Artificial_intelligence,https://en.wikipedia.org/wiki/State_space_search
https://en.wikipedia.org/wiki/Artificial_intelligence,https://en.wikipedia.org/wiki/Automated_planning_and_scheduling
https://en.wikipedia.org/wiki/Artificial_intelligence,https://en.wikipedia.org/wiki/Means-ends_analysis
https://en.wikipedia.org/wiki/Artificial_intelligence,https://en.wikipedia.org/wiki/Brute_force_search
https://en.wikipedia.org/wiki/Artificial_intelligence,https://en.wikipedia.org/wiki/Search_algorithm
https://en.wikipedia.org/wiki/Artificial_intelligence,https://en.wikipedia.org/wiki/Astronomically_large
https://en.wikipedia.org/wiki/Artificial_intelligence,https://en.wikipedia.org/wiki/Computation_time
https://en.wikipedia.org/wiki/Artificial_intelligence,https://en.wikipedia.org/wiki/Heuristics
https://en.wikipedia.org/wiki/Artificial_intelligence,https://en.wikipedia.org/wiki/Adversarial_search
https://en.wikipedia.org/wiki/Artificial_intelligence,https://en.wikipedia.org/wiki/Game_AI
https://en.wikipedia.org/wiki/Artificial_intelligence,https://en.wikipedia.org/wiki/Game_tree
https://en.wikipedia.org/wiki/Artificial_intelligence,https://en.wikipedia.org/wiki/Gradient_descent
https://en.wikipedia.org/wiki/Artificial_intelligence,https://en.wikipedia.org/wiki/Loss_function
https://en.wikipedia.org/wiki/Artificial_intelligence,https://en.wikipedia.org/wiki/Local_search_(optimization)
https://en.wikipedia.org/wiki/Artificial_intelligence,https://en.wikipedia.org/wiki/Mathematical_optimization
https://en.wikipedia.org/wiki/Artificial_intelligence,https://en.wikipedia.org/wiki/Gradient_descent
https://en.wikipedia.org/wiki/Artificial_intelligence,https://en.wikipedia.org/wiki/Loss_function
https://en.wikipedia.org/wiki/Artificial_intelligence,https://en.wikipedia.org/wiki/Artificial_neural_network
https://en.wikipedia.org/wiki/Artificial_intelligence,https://en.wikipedia.org/wiki/Backpropagation
https://en.wikipedia.org/wiki/Artificial_intelligence,https://en.wikipedia.org/wiki/Evolutionary_computation
https://en.wikipedia.org/wiki/Artificial_intelligence,https://en.wikipedia.org/wiki/Artificial_selection
https://en.wikipedia.org/wiki/Artificial_intelligence,https://en.wikipedia.org/wiki/Swarm_intelligence
https://en.wikipedia.org/wiki/Artificial_intelligence,https://en.wikipedia.org/wiki/Particle_swarm_optimization
https://en.wikipedia.org/wiki/Artificial_intelligence,https://en.wikipedia.org/wiki/Flocking
https://en.wikipedia.org/wiki/Artificial_intelligence,https://en.wikipedia.org/wiki/Ant_colony_optimization
https://en.wikipedia.org/wiki/Artificial_intelligence,https://en.wikipedia.org/wiki/Ant_trail
https://en.wikipedia.org/wiki/Artificial_intelligence,https://en.wikipedia.org/wiki/Logic
https://en.wikipedia.org/wiki/Artificial_intelligence,https://en.wikipedia.org/wiki/Automatic_reasoning
https://en.wikipedia.org/wiki/Artificial_intelligence,https://en.wikipedia.org/wiki/Knowledge_representation
https://en.wikipedia.org/wiki/Artificial_intelligence,https://en.wikipedia.org/wiki/Propositional_logic
https://en.wikipedia.org/wiki/Artificial_intelligence,https://en.wikipedia.org/wiki/Logical_connective
https://en.wikipedia.org/wiki/Artificial_intelligence,https://en.wikipedia.org/wiki/Predicate_logic
https://en.wikipedia.org/wiki/Artificial_intelligence,https://en.wikipedia.org/wiki/Quantifier_(logic)
https://en.wikipedia.org/wiki/Artificial_intelligence,https://en.wikipedia.org/wiki/Deductive_reasoning
https://en.wikipedia.org/wiki/Artificial_intelligence,https://en.wikipedia.org/wiki/Logical_proof
https://en.wikipedia.org/wiki/Artificial_intelligence,https://en.wikipedia.org/wiki/Logical_consequence
https://en.wikipedia.org/wiki/Artificial_intelligence,https://en.wikipedia.org/wiki/Premise
https://en.wikipedia.org/wiki/Artificial_intelligence,https://en.wikipedia.org/wiki/Tree_structure
https://en.wikipedia.org/wiki/Artificial_intelligence,https://en.wikipedia.org/wiki/Inference_rule
https://en.wikipedia.org/wiki/Artificial_intelligence,https://en.wikipedia.org/wiki/Leaf_nodes
https://en.wikipedia.org/wiki/Artificial_intelligence,https://en.wikipedia.org/wiki/Axiom
https://en.wikipedia.org/wiki/Artificial_intelligence,https://en.wikipedia.org/wiki/Horn_clause
https://en.wikipedia.org/wiki/Artificial_intelligence,https://en.wikipedia.org/wiki/Forward_chaining
https://en.wikipedia.org/wiki/Artificial_intelligence,https://en.wikipedia.org/wiki/Backward_chaining
https://en.wikipedia.org/wiki/Artificial_intelligence,https://en.wikipedia.org/wiki/First-order_logic
https://en.wikipedia.org/wiki/Artificial_intelligence,https://en.wikipedia.org/wiki/Resolution_(logic)
https://en.wikipedia.org/wiki/Artificial_intelligence,https://en.wikipedia.org/wiki/Undecidable_problem
https://en.wikipedia.org/wiki/Artificial_intelligence,https://en.wikipedia.org/wiki/Intractable_problem
https://en.wikipedia.org/wiki/Artificial_intelligence,https://en.wikipedia.org/wiki/Logic_programming
https://en.wikipedia.org/wiki/Artificial_intelligence,https://en.wikipedia.org/wiki/Prolog
https://en.wikipedia.org/wiki/Artificial_intelligence,https://en.wikipedia.org/wiki/Turing_complete
https://en.wikipedia.org/wiki/Artificial_intelligence,https://en.wikipedia.org/wiki/Symbolic_programming
https://en.wikipedia.org/wiki/Artificial_intelligence,https://en.wikipedia.org/wiki/Fuzzy_logic
https://en.wikipedia.org/wiki/Artificial_intelligence,https://en.wikipedia.org/wiki/Non-monotonic_logic
https://en.wikipedia.org/wiki/Artificial_intelligence,https://en.wikipedia.org/wiki/Negation_as_failure
https://en.wikipedia.org/wiki/Artificial_intelligence,https://en.wikipedia.org/wiki/Default_reasoning
https://en.wikipedia.org/wiki/Artificial_intelligence,https://en.wikipedia.org/wiki/Bayesian_network
https://en.wikipedia.org/wiki/Artificial_intelligence,https://en.wikipedia.org/wiki/Conditional_probability_table
https://en.wikipedia.org/wiki/Artificial_intelligence,https://en.wikipedia.org/wiki/Probability
https://en.wikipedia.org/wiki/Artificial_intelligence,https://en.wikipedia.org/wiki/Decision_theory
https://en.wikipedia.org/wiki/Artificial_intelligence,https://en.wikipedia.org/wiki/Decision_analysis
https://en.wikipedia.org/wiki/Artificial_intelligence,https://en.wikipedia.org/wiki/Information_value_theory
https://en.wikipedia.org/wiki/Artificial_intelligence,https://en.wikipedia.org/wiki/Markov_decision_process
https://en.wikipedia.org/wiki/Artificial_intelligence,https://en.wikipedia.org/wiki/Decision_network
https://en.wikipedia.org/wiki/Artificial_intelligence,https://en.wikipedia.org/wiki/Game_theory
https://en.wikipedia.org/wiki/Artificial_intelligence,https://en.wikipedia.org/wiki/Mechanism_design
https://en.wikipedia.org/wiki/Artificial_intelligence,https://en.wikipedia.org/wiki/Bayesian_network
https://en.wikipedia.org/wiki/Artificial_intelligence,https://en.wikipedia.org/wiki/Automated_reasoning
https://en.wikipedia.org/wiki/Artificial_intelligence,https://en.wikipedia.org/wiki/Bayesian_inference
https://en.wikipedia.org/wiki/Artificial_intelligence,https://en.wikipedia.org/wiki/Machine_learning
https://en.wikipedia.org/wiki/Artificial_intelligence,https://en.wikipedia.org/wiki/Expectation%E2%80%93maximization_algorithm
https://en.wikipedia.org/wiki/Artificial_intelligence,https://en.wikipedia.org/wiki/Automated_planning_and_scheduling
https://en.wikipedia.org/wiki/Artificial_intelligence,https://en.wikipedia.org/wiki/Decision_network
https://en.wikipedia.org/wiki/Artificial_intelligence,https://en.wikipedia.org/wiki/Machine_perception
https://en.wikipedia.org/wiki/Artificial_intelligence,https://en.wikipedia.org/wiki/Dynamic_Bayesian_network
https://en.wikipedia.org/wiki/Artificial_intelligence,https://en.wikipedia.org/wiki/Hidden_Markov_model
https://en.wikipedia.org/wiki/Artificial_intelligence,https://en.wikipedia.org/wiki/Kalman_filter
https://en.wikipedia.org/wiki/Artificial_intelligence,https://en.wikipedia.org/wiki/Expectation%E2%80%93maximization_algorithm
https://en.wikipedia.org/wiki/Artificial_intelligence,https://en.wikipedia.org/wiki/Cluster_analysis
https://en.wikipedia.org/wiki/Artificial_intelligence,https://en.wikipedia.org/wiki/Old_Faithful
https://en.wikipedia.org/wiki/Artificial_intelligence,https://en.wikipedia.org/wiki/Classifier_(mathematics)
https://en.wikipedia.org/wiki/Artificial_intelligence,https://en.wikipedia.org/wiki/Pattern_matching
https://en.wikipedia.org/wiki/Artificial_intelligence,https://en.wikipedia.org/wiki/Supervised_learning
https://en.wikipedia.org/wiki/Artificial_intelligence,https://en.wikipedia.org/wiki/Random_variate
https://en.wikipedia.org/wiki/Artificial_intelligence,https://en.wikipedia.org/wiki/Data_set
https://en.wikipedia.org/wiki/Artificial_intelligence,https://en.wikipedia.org/wiki/Decision_tree
https://en.wikipedia.org/wiki/Artificial_intelligence,https://en.wikipedia.org/wiki/K-nearest_neighbor
https://en.wikipedia.org/wiki/Artificial_intelligence,https://en.wikipedia.org/wiki/Kernel_methods
https://en.wikipedia.org/wiki/Artificial_intelligence,https://en.wikipedia.org/wiki/Support_vector_machine
https://en.wikipedia.org/wiki/Artificial_intelligence,https://en.wikipedia.org/wiki/Naive_Bayes_classifier
https://en.wikipedia.org/wiki/Artificial_intelligence,https://en.wikipedia.org/wiki/Artificial_neural_network
https://en.wikipedia.org/wiki/Artificial_intelligence,https://en.wikipedia.org/wiki/Neuron
https://en.wikipedia.org/wiki/Artificial_intelligence,https://en.wikipedia.org/wiki/Human_brain
https://en.wikipedia.org/wiki/Artificial_intelligence,https://en.wikipedia.org/wiki/Artificial_neurons
https://en.wikipedia.org/wiki/Artificial_intelligence,https://en.wikipedia.org/wiki/Neurons
https://en.wikipedia.org/wiki/Artificial_intelligence,https://en.wikipedia.org/wiki/Weighting
https://en.wikipedia.org/wiki/Artificial_intelligence,https://en.wikipedia.org/wiki/Local_search_(optimization)
https://en.wikipedia.org/wiki/Artificial_intelligence,https://en.wikipedia.org/wiki/Backpropagation
https://en.wikipedia.org/wiki/Artificial_intelligence,https://en.wikipedia.org/wiki/Pattern_recognition
https://en.wikipedia.org/wiki/Artificial_intelligence,https://en.wikipedia.org/wiki/Feedforward_neural_network
https://en.wikipedia.org/wiki/Artificial_intelligence,https://en.wikipedia.org/wiki/Recurrent_neural_network
https://en.wikipedia.org/wiki/Artificial_intelligence,https://en.wikipedia.org/wiki/Long_short_term_memory
https://en.wikipedia.org/wiki/Artificial_intelligence,https://en.wikipedia.org/wiki/Perceptron
https://en.wikipedia.org/wiki/Artificial_intelligence,https://en.wikipedia.org/wiki/Convolutional_neural_network
https://en.wikipedia.org/wiki/Artificial_intelligence,https://en.wikipedia.org/wiki/Image_processing
https://en.wikipedia.org/wiki/Artificial_intelligence,https://en.wikipedia.org/wiki/Edge_detection
https://en.wikipedia.org/wiki/Artificial_intelligence,https://en.wikipedia.org/wiki/Deep_learning
https://en.wikipedia.org/wiki/Artificial_intelligence,https://en.wikipedia.org/wiki/Image_processing
https://en.wikipedia.org/wiki/Artificial_intelligence,https://en.wikipedia.org/wiki/Computer_vision
https://en.wikipedia.org/wiki/Artificial_intelligence,https://en.wikipedia.org/wiki/Speech_recognition
https://en.wikipedia.org/wiki/Artificial_intelligence,https://en.wikipedia.org/wiki/Natural_language_processing
https://en.wikipedia.org/wiki/Artificial_intelligence,https://en.wikipedia.org/wiki/Image_classification
https://en.wikipedia.org/wiki/Artificial_intelligence,https://en.wikipedia.org/wiki/GPU
https://en.wikipedia.org/wiki/Artificial_intelligence,https://en.wikipedia.org/wiki/List_of_datasets_for_machine-learning_research
https://en.wikipedia.org/wiki/Artificial_intelligence,https://en.wikipedia.org/wiki/ImageNet
https://en.wikipedia.org/wiki/Artificial_intelligence,https://en.wikipedia.org/wiki/Generative_pre-trained_transformer
https://en.wikipedia.org/wiki/Artificial_intelligence,https://en.wikipedia.org/wiki/Large_language_model
https://en.wikipedia.org/wiki/Artificial_intelligence,https://en.wikipedia.org/wiki/Corpus_of_text
https://en.wikipedia.org/wiki/Artificial_intelligence,https://en.wikipedia.org/wiki/Lexical_analysis
https://en.wikipedia.org/wiki/Artificial_intelligence,https://en.wikipedia.org/wiki/Reinforcement_learning_from_human_feedback
https://en.wikipedia.org/wiki/Artificial_intelligence,https://en.wikipedia.org/wiki/Hallucination_(artificial_intelligence)
https://en.wikipedia.org/wiki/Artificial_intelligence,https://en.wikipedia.org/wiki/Chatbot
https://en.wikipedia.org/wiki/Artificial_intelligence,https://en.wikipedia.org/wiki/Gemini_(chatbot)
https://en.wikipedia.org/wiki/Artificial_intelligence,https://en.wikipedia.org/wiki/ChatGPT
https://en.wikipedia.org/wiki/Artificial_intelligence,https://en.wikipedia.org/wiki/Grok_(chatbot)
https://en.wikipedia.org/wiki/Artificial_intelligence,https://en.wikipedia.org/wiki/Anthropic#Claude
https://en.wikipedia.org/wiki/Artificial_intelligence,https://en.wikipedia.org/wiki/Microsoft_Copilot
https://en.wikipedia.org/wiki/Artificial_intelligence,https://en.wikipedia.org/wiki/LLaMA
https://en.wikipedia.org/wiki/Artificial_intelligence,https://en.wikipedia.org/wiki/Multimodal_learning
https://en.wikipedia.org/wiki/Artificial_intelligence,https://en.wikipedia.org/wiki/Modality_(human%E2%80%93computer_interaction)
https://en.wikipedia.org/wiki/Artificial_intelligence,https://en.wikipedia.org/wiki/Programming_languages_for_artificial_intelligence
https://en.wikipedia.org/wiki/Artificial_intelligence,https://en.wikipedia.org/wiki/Hardware_for_artificial_intelligence
https://en.wikipedia.org/wiki/Artificial_intelligence,https://en.wikipedia.org/wiki/Graphics_processing_unit
https://en.wikipedia.org/wiki/Artificial_intelligence,https://en.wikipedia.org/wiki/TensorFlow
https://en.wikipedia.org/wiki/Artificial_intelligence,https://en.wikipedia.org/wiki/Central_processing_unit
https://en.wikipedia.org/wiki/Artificial_intelligence,https://en.wikipedia.org/wiki/Machine_learning
https://en.wikipedia.org/wiki/Artificial_intelligence,https://en.wikipedia.org/wiki/Programming_language
https://en.wikipedia.org/wiki/Artificial_intelligence,https://en.wikipedia.org/wiki/Prolog
https://en.wikipedia.org/wiki/Artificial_intelligence,https://en.wikipedia.org/wiki/General-purpose_programming_language
https://en.wikipedia.org/wiki/Artificial_intelligence,https://en.wikipedia.org/wiki/Python_(programming_language)
https://en.wikipedia.org/wiki/Artificial_intelligence,https://en.wikipedia.org/wiki/Integrated_circuit
https://en.wikipedia.org/wiki/Artificial_intelligence,https://en.wikipedia.org/wiki/Moore%27s_law
https://en.wikipedia.org/wiki/Artificial_intelligence,https://en.wikipedia.org/wiki/Intel
https://en.wikipedia.org/wiki/Artificial_intelligence,https://en.wikipedia.org/wiki/Gordon_Moore
https://en.wikipedia.org/wiki/Artificial_intelligence,https://en.wikipedia.org/wiki/GPUs
https://en.wikipedia.org/wiki/Artificial_intelligence,https://en.wikipedia.org/wiki/Huang%27s_law
https://en.wikipedia.org/wiki/Artificial_intelligence,https://en.wikipedia.org/wiki/Nvidia
https://en.wikipedia.org/wiki/Artificial_intelligence,https://en.wikipedia.org/wiki/Jensen_Huang
https://en.wikipedia.org/wiki/Artificial_intelligence,https://en.wikipedia.org/wiki/Applications_of_artificial_intelligence
https://en.wikipedia.org/wiki/Artificial_intelligence,https://en.wikipedia.org/wiki/Search_engines
https://en.wikipedia.org/wiki/Artificial_intelligence,https://en.wikipedia.org/wiki/Google_Search
https://en.wikipedia.org/wiki/Artificial_intelligence,https://en.wikipedia.org/wiki/Targeted_advertising
https://en.wikipedia.org/wiki/Artificial_intelligence,https://en.wikipedia.org/wiki/Recommendation_systems
https://en.wikipedia.org/wiki/Artificial_intelligence,https://en.wikipedia.org/wiki/Netflix
https://en.wikipedia.org/wiki/Artificial_intelligence,https://en.wikipedia.org/wiki/YouTube
https://en.wikipedia.org/wiki/Artificial_intelligence,https://en.wikipedia.org/wiki/Amazon_(company)
https://en.wikipedia.org/wiki/Artificial_intelligence,https://en.wikipedia.org/wiki/Internet_traffic
https://en.wikipedia.org/wiki/Artificial_intelligence,https://en.wikipedia.org/wiki/Marketing_and_artificial_intelligence
https://en.wikipedia.org/wiki/Artificial_intelligence,https://en.wikipedia.org/wiki/AdSense
https://en.wikipedia.org/wiki/Artificial_intelligence,https://en.wikipedia.org/wiki/Facebook
https://en.wikipedia.org/wiki/Artificial_intelligence,https://en.wikipedia.org/wiki/Virtual_assistant
https://en.wikipedia.org/wiki/Artificial_intelligence,https://en.wikipedia.org/wiki/Siri
https://en.wikipedia.org/wiki/Artificial_intelligence,https://en.wikipedia.org/wiki/Amazon_Alexa
https://en.wikipedia.org/wiki/Artificial_intelligence,https://en.wikipedia.org/wiki/Autonomous_vehicles
https://en.wikipedia.org/wiki/Artificial_intelligence,https://en.wikipedia.org/wiki/Unmanned_aerial_vehicle
https://en.wikipedia.org/wiki/Artificial_intelligence,https://en.wikipedia.org/wiki/Advanced_driver-assistance_system
https://en.wikipedia.org/wiki/Artificial_intelligence,https://en.wikipedia.org/wiki/Self-driving_cars
https://en.wikipedia.org/wiki/Artificial_intelligence,https://en.wikipedia.org/wiki/Automatic_language_translation
https://en.wikipedia.org/wiki/Artificial_intelligence,https://en.wikipedia.org/wiki/Microsoft_Translator
https://en.wikipedia.org/wiki/Artificial_intelligence,https://en.wikipedia.org/wiki/Google_Translate
https://en.wikipedia.org/wiki/Artificial_intelligence,https://en.wikipedia.org/wiki/Facial_recognition_system
https://en.wikipedia.org/wiki/Artificial_intelligence,https://en.wikipedia.org/wiki/Apple_Computer
https://en.wikipedia.org/wiki/Artificial_intelligence,https://en.wikipedia.org/wiki/Face_ID
https://en.wikipedia.org/wiki/Artificial_intelligence,https://en.wikipedia.org/wiki/Microsoft
https://en.wikipedia.org/wiki/Artificial_intelligence,https://en.wikipedia.org/wiki/DeepFace
https://en.wikipedia.org/wiki/Artificial_intelligence,https://en.wikipedia.org/wiki/Google
https://en.wikipedia.org/wiki/Artificial_intelligence,https://en.wikipedia.org/wiki/FaceNet
https://en.wikipedia.org/wiki/Artificial_intelligence,https://en.wikipedia.org/wiki/Image_labeling
https://en.wikipedia.org/wiki/Artificial_intelligence,https://en.wikipedia.org/wiki/Facebook
https://en.wikipedia.org/wiki/Artificial_intelligence,https://en.wikipedia.org/wiki/IPhoto
https://en.wikipedia.org/wiki/Artificial_intelligence,https://en.wikipedia.org/wiki/TikTok
https://en.wikipedia.org/wiki/Artificial_intelligence,https://en.wikipedia.org/wiki/Chief_automation_officer
https://en.wikipedia.org/wiki/Artificial_intelligence,https://en.wikipedia.org/wiki/Artificial_intelligence_in_healthcare
https://en.wikipedia.org/wiki/Artificial_intelligence,https://en.wikipedia.org/wiki/Medicine
https://en.wikipedia.org/wiki/Artificial_intelligence,https://en.wikipedia.org/wiki/Medical_research
https://en.wikipedia.org/wiki/Artificial_intelligence,https://en.wikipedia.org/wiki/Hippocratic_Oath
https://en.wikipedia.org/wiki/Artificial_intelligence,https://en.wikipedia.org/wiki/Big_data
https://en.wikipedia.org/wiki/Artificial_intelligence,https://en.wikipedia.org/wiki/Organoid
https://en.wikipedia.org/wiki/Artificial_intelligence,https://en.wikipedia.org/wiki/Tissue_engineering
https://en.wikipedia.org/wiki/Artificial_intelligence,https://en.wikipedia.org/wiki/Microscopy
https://en.wikipedia.org/wiki/Artificial_intelligence,https://en.wikipedia.org/wiki/AlphaFold_2
https://en.wikipedia.org/wiki/Artificial_intelligence,https://en.wikipedia.org/wiki/Protein_structure
https://en.wikipedia.org/wiki/Artificial_intelligence,https://en.wikipedia.org/wiki/Parkinson%27s_disease
https://en.wikipedia.org/wiki/Artificial_intelligence,https://en.wikipedia.org/wiki/Alpha-synuclein
https://en.wikipedia.org/wiki/Artificial_intelligence,https://en.wikipedia.org/wiki/Game_artificial_intelligence
https://en.wikipedia.org/wiki/Artificial_intelligence,https://en.wikipedia.org/wiki/Game_AI
https://en.wikipedia.org/wiki/Artificial_intelligence,https://en.wikipedia.org/wiki/IBM_Deep_Blue
https://en.wikipedia.org/wiki/Artificial_intelligence,https://en.wikipedia.org/wiki/Garry_Kasparov
https://en.wikipedia.org/wiki/Artificial_intelligence,https://en.wikipedia.org/wiki/Jeopardy!
https://en.wikipedia.org/wiki/Artificial_intelligence,https://en.wikipedia.org/wiki/Quiz_show
https://en.wikipedia.org/wiki/Artificial_intelligence,https://en.wikipedia.org/wiki/IBM
https://en.wikipedia.org/wiki/Artificial_intelligence,https://en.wikipedia.org/wiki/Question_answering_system
https://en.wikipedia.org/wiki/Artificial_intelligence,https://en.wikipedia.org/wiki/Watson_(artificial_intelligence_software)
https://en.wikipedia.org/wiki/Artificial_intelligence,https://en.wikipedia.org/wiki/Brad_Rutter
https://en.wikipedia.org/wiki/Artificial_intelligence,https://en.wikipedia.org/wiki/Ken_Jennings
https://en.wikipedia.org/wiki/Artificial_intelligence,https://en.wikipedia.org/wiki/AlphaGo
https://en.wikipedia.org/wiki/Artificial_intelligence,https://en.wikipedia.org/wiki/Go_(game)
https://en.wikipedia.org/wiki/Artificial_intelligence,https://en.wikipedia.org/wiki/Lee_Sedol
https://en.wikipedia.org/wiki/Artificial_intelligence,https://en.wikipedia.org/wiki/Computer_Go
https://en.wikipedia.org/wiki/Artificial_intelligence,https://en.wikipedia.org/wiki/Go_handicaps
https://en.wikipedia.org/wiki/Artificial_intelligence,https://en.wikipedia.org/wiki/AlphaGo_versus_Ke_Jie
https://en.wikipedia.org/wiki/Artificial_intelligence,https://en.wikipedia.org/wiki/Imperfect_information
https://en.wikipedia.org/wiki/Artificial_intelligence,https://en.wikipedia.org/wiki/Poker
https://en.wikipedia.org/wiki/Artificial_intelligence,https://en.wikipedia.org/wiki/Pluribus_(poker_bot)
https://en.wikipedia.org/wiki/Artificial_intelligence,https://en.wikipedia.org/wiki/DeepMind
https://en.wikipedia.org/wiki/Artificial_intelligence,https://en.wikipedia.org/wiki/Reinforcement_learning
https://en.wikipedia.org/wiki/Artificial_intelligence,https://en.wikipedia.org/wiki/MuZero
https://en.wikipedia.org/wiki/Artificial_intelligence,https://en.wikipedia.org/wiki/Atari
https://en.wikipedia.org/wiki/Artificial_intelligence,https://en.wikipedia.org/wiki/StarCraft_II
https://en.wikipedia.org/wiki/Artificial_intelligence,https://en.wikipedia.org/wiki/Gran_Turismo_(series)
https://en.wikipedia.org/wiki/Artificial_intelligence,https://en.wikipedia.org/wiki/Open-world
https://en.wikipedia.org/wiki/Artificial_intelligence,https://en.wikipedia.org/wiki/GPT-4
https://en.wikipedia.org/wiki/Artificial_intelligence,https://en.wikipedia.org/wiki/Gemini_(chatbot)
https://en.wikipedia.org/wiki/Artificial_intelligence,https://en.wikipedia.org/wiki/Claude_(language_model)
https://en.wikipedia.org/wiki/Artificial_intelligence,https://en.wikipedia.org/wiki/Llama_(language_model)
https://en.wikipedia.org/wiki/Artificial_intelligence,https://en.wikipedia.org/wiki/Mistral_AI
https://en.wikipedia.org/wiki/Artificial_intelligence,https://en.wikipedia.org/wiki/Hallucination_(artificial_intelligence)
https://en.wikipedia.org/wiki/Artificial_intelligence,https://en.wikipedia.org/wiki/Supervised_learning
https://en.wikipedia.org/wiki/Artificial_intelligence,https://en.wikipedia.org/wiki/Fine-tuning_(deep_learning)
https://en.wikipedia.org/wiki/Artificial_intelligence,https://en.wikipedia.org/wiki/Statistical_classification
https://en.wikipedia.org/wiki/Artificial_intelligence,https://en.wikipedia.org/wiki/Automated_reasoning
https://en.wikipedia.org/wiki/Artificial_intelligence,https://en.wikipedia.org/wiki/Alibaba_Group
https://en.wikipedia.org/wiki/Artificial_intelligence,https://en.wikipedia.org/wiki/Qwen
https://en.wikipedia.org/wiki/Artificial_intelligence,https://en.wikipedia.org/wiki/Monte_Carlo_tree_search
https://en.wikipedia.org/wiki/Artificial_intelligence,https://en.wikipedia.org/wiki/American_Invitational_Mathematics_Examination
https://en.wikipedia.org/wiki/Artificial_intelligence,https://en.wikipedia.org/wiki/AlphaGeometry
https://en.wikipedia.org/wiki/Artificial_intelligence,https://en.wikipedia.org/wiki/Google_DeepMind
https://en.wikipedia.org/wiki/Artificial_intelligence,https://en.wikipedia.org/wiki/EleutherAI
https://en.wikipedia.org/wiki/Artificial_intelligence,https://en.wikipedia.org/wiki/Lean_(proof_assistant)
https://en.wikipedia.org/wiki/Artificial_intelligence,https://en.wikipedia.org/wiki/Topological_deep_learning
https://en.wikipedia.org/wiki/Artificial_intelligence,https://en.wikipedia.org/wiki/Topology
https://en.wikipedia.org/wiki/Artificial_intelligence,https://en.wikipedia.org/wiki/World_Pensions_%26_Investments_Forum
https://en.wikipedia.org/wiki/Artificial_intelligence,https://en.wikipedia.org/wiki/Military_applications_of_artificial_intelligence
https://en.wikipedia.org/wiki/Artificial_intelligence,https://en.wikipedia.org/wiki/Command_and_control
https://en.wikipedia.org/wiki/Artificial_intelligence,https://en.wikipedia.org/wiki/Vehicular_automation
https://en.wikipedia.org/wiki/Artificial_intelligence,https://en.wikipedia.org/wiki/Target_acquisition
https://en.wikipedia.org/wiki/Artificial_intelligence,https://en.wikipedia.org/wiki/Forward_observers_in_the_U.S._military
https://en.wikipedia.org/wiki/Artificial_intelligence,https://en.wikipedia.org/wiki/Vehicular_automation
https://en.wikipedia.org/wiki/Artificial_intelligence,https://en.wikipedia.org/wiki/Vincent_van_Gogh
https://en.wikipedia.org/wiki/Artificial_intelligence,https://en.wikipedia.org/wiki/Generative_artificial_intelligence
https://en.wikipedia.org/wiki/Artificial_intelligence,https://en.wikipedia.org/wiki/Generative_artificial_intelligence
https://en.wikipedia.org/wiki/Artificial_intelligence,https://en.wikipedia.org/wiki/Machine_learning
https://en.wikipedia.org/wiki/Artificial_intelligence,https://en.wikipedia.org/wiki/Training_data_set
https://en.wikipedia.org/wiki/Artificial_intelligence,https://en.wikipedia.org/wiki/Prompt_(natural_language)
https://en.wikipedia.org/wiki/Artificial_intelligence,https://en.wikipedia.org/wiki/Transformer_(machine_learning_model)
https://en.wikipedia.org/wiki/Artificial_intelligence,https://en.wikipedia.org/wiki/Deep_learning
https://en.wikipedia.org/wiki/Artificial_intelligence,https://en.wikipedia.org/wiki/Neural_networks
https://en.wikipedia.org/wiki/Artificial_intelligence,https://en.wikipedia.org/wiki/Large_language_model
https://en.wikipedia.org/wiki/Artificial_intelligence,https://en.wikipedia.org/wiki/AI_boom
https://en.wikipedia.org/wiki/Artificial_intelligence,https://en.wikipedia.org/wiki/Chatbots
https://en.wikipedia.org/wiki/Artificial_intelligence,https://en.wikipedia.org/wiki/ChatGPT
https://en.wikipedia.org/wiki/Artificial_intelligence,https://en.wikipedia.org/wiki/Microsoft_Copilot
https://en.wikipedia.org/wiki/Artificial_intelligence,https://en.wikipedia.org/wiki/Gemini_(chatbot)
https://en.wikipedia.org/wiki/Artificial_intelligence,https://en.wikipedia.org/wiki/LLaMA
https://en.wikipedia.org/wiki/Artificial_intelligence,https://en.wikipedia.org/wiki/Text-to-image
https://en.wikipedia.org/wiki/Artificial_intelligence,https://en.wikipedia.org/wiki/Artificial_intelligence_art
https://en.wikipedia.org/wiki/Artificial_intelligence,https://en.wikipedia.org/wiki/Stable_Diffusion
https://en.wikipedia.org/wiki/Artificial_intelligence,https://en.wikipedia.org/wiki/Midjourney
https://en.wikipedia.org/wiki/Artificial_intelligence,https://en.wikipedia.org/wiki/DALL-E
https://en.wikipedia.org/wiki/Artificial_intelligence,https://en.wikipedia.org/wiki/Text-to-video_model
https://en.wikipedia.org/wiki/Artificial_intelligence,https://en.wikipedia.org/wiki/Sora_(text-to-video_model)
https://en.wikipedia.org/wiki/Artificial_intelligence,https://en.wikipedia.org/wiki/OpenAI
https://en.wikipedia.org/wiki/Artificial_intelligence,https://en.wikipedia.org/wiki/Anthropic
https://en.wikipedia.org/wiki/Artificial_intelligence,https://en.wikipedia.org/wiki/Microsoft
https://en.wikipedia.org/wiki/Artificial_intelligence,https://en.wikipedia.org/wiki/Google
https://en.wikipedia.org/wiki/Artificial_intelligence,https://en.wikipedia.org/wiki/Baidu
https://en.wikipedia.org/wiki/Artificial_intelligence,https://en.wikipedia.org/wiki/Cybercrime
https://en.wikipedia.org/wiki/Artificial_intelligence,https://en.wikipedia.org/wiki/Fake_news
https://en.wikipedia.org/wiki/Artificial_intelligence,https://en.wikipedia.org/wiki/Deepfake
https://en.wikipedia.org/wiki/Artificial_intelligence,https://en.wikipedia.org/wiki/Technological_unemployment
https://en.wikipedia.org/wiki/Artificial_intelligence,https://en.wikipedia.org/wiki/Virtual_assistant
https://en.wikipedia.org/wiki/Artificial_intelligence,https://en.wikipedia.org/wiki/Chatbots
https://en.wikipedia.org/wiki/Artificial_intelligence,https://en.wikipedia.org/wiki/Autonomous_vehicles
https://en.wikipedia.org/wiki/Artificial_intelligence,https://en.wikipedia.org/wiki/Video_game_console
https://en.wikipedia.org/wiki/Artificial_intelligence,https://en.wikipedia.org/wiki/Industrial_robotics
https://en.wikipedia.org/wiki/Artificial_intelligence,https://en.wikipedia.org/wiki/Teledildonics
https://en.wikipedia.org/wiki/Artificial_intelligence,https://en.wikipedia.org/wiki/Replika
https://en.wikipedia.org/wiki/Artificial_intelligence,https://en.wikipedia.org/wiki/Deepfake_pornography
https://en.wikipedia.org/wiki/Artificial_intelligence,https://en.wikipedia.org/wiki/Online_gender-based_violence
https://en.wikipedia.org/wiki/Artificial_intelligence,https://en.wikipedia.org/wiki/Sexual_grooming
https://en.wikipedia.org/wiki/Artificial_intelligence,https://en.wikipedia.org/wiki/Energy_storage
https://en.wikipedia.org/wiki/Artificial_intelligence,https://en.wikipedia.org/wiki/Foreign_policy
https://en.wikipedia.org/wiki/Artificial_intelligence,https://en.wikipedia.org/wiki/Disaster
https://en.wikipedia.org/wiki/Artificial_intelligence,https://en.wikipedia.org/wiki/Predictive_analytics
https://en.wikipedia.org/wiki/Artificial_intelligence,https://en.wikipedia.org/wiki/2024_Indian_general_election
https://en.wikipedia.org/wiki/Artificial_intelligence,https://en.wikipedia.org/wiki/Deepfake
https://en.wikipedia.org/wiki/Artificial_intelligence,https://en.wikipedia.org/wiki/Ethics_of_artificial_intelligence
https://en.wikipedia.org/wiki/Artificial_intelligence,https://en.wikipedia.org/wiki/Demis_Hassabis
https://en.wikipedia.org/wiki/Artificial_intelligence,https://en.wikipedia.org/wiki/DeepMind
https://en.wikipedia.org/wiki/Artificial_intelligence,https://en.wikipedia.org/wiki/Information_privacy
https://en.wikipedia.org/wiki/Artificial_intelligence,https://en.wikipedia.org/wiki/Artificial_intelligence_and_copyright
https://en.wikipedia.org/wiki/Artificial_intelligence,https://en.wikipedia.org/wiki/Privacy
https://en.wikipedia.org/wiki/Artificial_intelligence,https://en.wikipedia.org/wiki/Surveillance
https://en.wikipedia.org/wiki/Artificial_intelligence,https://en.wikipedia.org/wiki/Copyright
https://en.wikipedia.org/wiki/Artificial_intelligence,https://en.wikipedia.org/wiki/Speech_recognition
https://en.wikipedia.org/wiki/Artificial_intelligence,https://en.wikipedia.org/wiki/Amazon_(company)
https://en.wikipedia.org/wiki/Artificial_intelligence,https://en.wikipedia.org/wiki/Temporary_worker
https://en.wikipedia.org/wiki/Artificial_intelligence,https://en.wikipedia.org/wiki/Necessary_evil
https://en.wikipedia.org/wiki/Artificial_intelligence,https://en.wikipedia.org/wiki/Unethical
https://en.wikipedia.org/wiki/Artificial_intelligence,https://en.wikipedia.org/wiki/Right_to_privacy
https://en.wikipedia.org/wiki/Artificial_intelligence,https://en.wikipedia.org/wiki/Data_aggregation
https://en.wikipedia.org/wiki/Artificial_intelligence,https://en.wikipedia.org/wiki/De-identification
https://en.wikipedia.org/wiki/Artificial_intelligence,https://en.wikipedia.org/wiki/Differential_privacy
https://en.wikipedia.org/wiki/Artificial_intelligence,https://en.wikipedia.org/wiki/Cynthia_Dwork
https://en.wikipedia.org/wiki/Artificial_intelligence,https://en.wikipedia.org/wiki/Fairness_(machine_learning)
https://en.wikipedia.org/wiki/Artificial_intelligence,https://en.wikipedia.org/wiki/Brian_Christian
https://en.wikipedia.org/wiki/Artificial_intelligence,https://en.wikipedia.org/wiki/Fair_use
https://en.wikipedia.org/wiki/Artificial_intelligence,https://en.wikipedia.org/wiki/Robots.txt
https://en.wikipedia.org/wiki/Artificial_intelligence,https://en.wikipedia.org/wiki/John_Grisham
https://en.wikipedia.org/wiki/Artificial_intelligence,https://en.wikipedia.org/wiki/Jonathan_Franzen
https://en.wikipedia.org/wiki/Artificial_intelligence,https://en.wikipedia.org/wiki/Sui_generis
https://en.wikipedia.org/wiki/Artificial_intelligence,https://en.wikipedia.org/wiki/Big_Tech
https://en.wikipedia.org/wiki/Artificial_intelligence,https://en.wikipedia.org/wiki/Alphabet_Inc.
https://en.wikipedia.org/wiki/Artificial_intelligence,https://en.wikipedia.org/wiki/Amazon_(company)
https://en.wikipedia.org/wiki/Artificial_intelligence,https://en.wikipedia.org/wiki/Apple_Inc.
https://en.wikipedia.org/wiki/Artificial_intelligence,https://en.wikipedia.org/wiki/Meta_Platforms
https://en.wikipedia.org/wiki/Artificial_intelligence,https://en.wikipedia.org/wiki/Microsoft
https://en.wikipedia.org/wiki/Artificial_intelligence,https://en.wikipedia.org/wiki/Cloud_computing
https://en.wikipedia.org/wiki/Artificial_intelligence,https://en.wikipedia.org/wiki/Computing
https://en.wikipedia.org/wiki/Artificial_intelligence,https://en.wikipedia.org/wiki/Data_center
https://en.wikipedia.org/wiki/Artificial_intelligence,https://en.wikipedia.org/wiki/Environmental_impacts_of_artificial_intelligence
https://en.wikipedia.org/wiki/Artificial_intelligence,https://en.wikipedia.org/wiki/International_Energy_Agency
https://en.wikipedia.org/wiki/Artificial_intelligence,https://en.wikipedia.org/wiki/Goldman_Sachs
https://en.wikipedia.org/wiki/Artificial_intelligence,https://en.wikipedia.org/wiki/Nvidia
https://en.wikipedia.org/wiki/Artificial_intelligence,https://en.wikipedia.org/wiki/Jen-Hsun_Huang
https://en.wikipedia.org/wiki/Artificial_intelligence,https://en.wikipedia.org/wiki/Microsoft
https://en.wikipedia.org/wiki/Artificial_intelligence,https://en.wikipedia.org/wiki/Constellation_Energy
https://en.wikipedia.org/wiki/Artificial_intelligence,https://en.wikipedia.org/wiki/Three_Mile_Island
https://en.wikipedia.org/wiki/Artificial_intelligence,https://en.wikipedia.org/wiki/Nuclear_Regulatory_Commission
https://en.wikipedia.org/wiki/Artificial_intelligence,https://en.wikipedia.org/wiki/Inflation_Reduction_Act
https://en.wikipedia.org/wiki/Artificial_intelligence,https://en.wikipedia.org/wiki/Palisades_Nuclear_Generating_Station
https://en.wikipedia.org/wiki/Artificial_intelligence,https://en.wikipedia.org/wiki/Exelon
https://en.wikipedia.org/wiki/Artificial_intelligence,https://en.wikipedia.org/wiki/Taiwan
https://en.wikipedia.org/wiki/Artificial_intelligence,"https://en.wikipedia.org/wiki/Taoyuan,_Taiwan"
https://en.wikipedia.org/wiki/Artificial_intelligence,https://en.wikipedia.org/wiki/Nuclear_power_phase-out
https://en.wikipedia.org/wiki/Artificial_intelligence,https://en.wikipedia.org/wiki/Singapore
https://en.wikipedia.org/wiki/Artificial_intelligence,https://en.wikipedia.org/wiki/Fukushima_nuclear_accident
https://en.wikipedia.org/wiki/Artificial_intelligence,https://en.wikipedia.org/wiki/Federal_Energy_Regulatory_Commission
https://en.wikipedia.org/wiki/Artificial_intelligence,https://en.wikipedia.org/wiki/Talen_Energy
https://en.wikipedia.org/wiki/Artificial_intelligence,https://en.wikipedia.org/wiki/Susquehanna_Steam_Electric_Station
https://en.wikipedia.org/wiki/Artificial_intelligence,https://en.wikipedia.org/wiki/Willie_L._Phillips
https://en.wikipedia.org/wiki/Artificial_intelligence,https://en.wikipedia.org/wiki/YouTube#Moderation_and_offensive_content
https://en.wikipedia.org/wiki/Artificial_intelligence,https://en.wikipedia.org/wiki/YouTube
https://en.wikipedia.org/wiki/Artificial_intelligence,https://en.wikipedia.org/wiki/Facebook
https://en.wikipedia.org/wiki/Artificial_intelligence,https://en.wikipedia.org/wiki/Recommender_system
https://en.wikipedia.org/wiki/Artificial_intelligence,https://en.wikipedia.org/wiki/Mathematical_optimization
https://en.wikipedia.org/wiki/Artificial_intelligence,https://en.wikipedia.org/wiki/Misinformation
https://en.wikipedia.org/wiki/Artificial_intelligence,https://en.wikipedia.org/wiki/Conspiracy_theories
https://en.wikipedia.org/wiki/Artificial_intelligence,https://en.wikipedia.org/wiki/Partisan_(politics)
https://en.wikipedia.org/wiki/Artificial_intelligence,https://en.wikipedia.org/wiki/Filter_bubbles
https://en.wikipedia.org/wiki/Artificial_intelligence,https://en.wikipedia.org/wiki/Wikipedia:Citation_needed
https://en.wikipedia.org/wiki/Artificial_intelligence,https://en.wikipedia.org/wiki/Generative_AI
https://en.wikipedia.org/wiki/Artificial_intelligence,https://en.wikipedia.org/wiki/Geoffrey_Hinton
https://en.wikipedia.org/wiki/Artificial_intelligence,https://en.wikipedia.org/wiki/Algorithmic_bias
https://en.wikipedia.org/wiki/Artificial_intelligence,https://en.wikipedia.org/wiki/Fairness_(machine_learning)
https://en.wikipedia.org/wiki/Artificial_intelligence,https://en.wikipedia.org/wiki/Algorithmic_bias
https://en.wikipedia.org/wiki/Artificial_intelligence,https://en.wikipedia.org/wiki/Training_data
https://en.wikipedia.org/wiki/Artificial_intelligence,https://en.wikipedia.org/wiki/Harm
https://en.wikipedia.org/wiki/Artificial_intelligence,https://en.wikipedia.org/wiki/Health_equity
https://en.wikipedia.org/wiki/Artificial_intelligence,https://en.wikipedia.org/wiki/Credit_rating
https://en.wikipedia.org/wiki/Artificial_intelligence,https://en.wikipedia.org/wiki/Recruitment
https://en.wikipedia.org/wiki/Artificial_intelligence,https://en.wikipedia.org/wiki/Public_housing
https://en.wikipedia.org/wiki/Artificial_intelligence,https://en.wikipedia.org/wiki/Policing
https://en.wikipedia.org/wiki/Artificial_intelligence,https://en.wikipedia.org/wiki/Discrimination
https://en.wikipedia.org/wiki/Artificial_intelligence,https://en.wikipedia.org/wiki/Fairness_(machine_learning)
https://en.wikipedia.org/wiki/Artificial_intelligence,https://en.wikipedia.org/wiki/Google_Photos
https://en.wikipedia.org/wiki/Artificial_intelligence,https://en.wikipedia.org/wiki/COMPAS_(software)
https://en.wikipedia.org/wiki/Artificial_intelligence,https://en.wikipedia.org/wiki/U.S._court
https://en.wikipedia.org/wiki/Artificial_intelligence,https://en.wikipedia.org/wiki/Defendant
https://en.wikipedia.org/wiki/Artificial_intelligence,https://en.wikipedia.org/wiki/Recidivist
https://en.wikipedia.org/wiki/Artificial_intelligence,https://en.wikipedia.org/wiki/Julia_Angwin
https://en.wikipedia.org/wiki/Artificial_intelligence,https://en.wikipedia.org/wiki/ProPublica
https://en.wikipedia.org/wiki/Artificial_intelligence,https://en.wikipedia.org/wiki/Distributive_justice
https://en.wikipedia.org/wiki/Artificial_intelligence,https://en.wikipedia.org/wiki/Stereotype
https://en.wikipedia.org/wiki/Artificial_intelligence,https://en.wikipedia.org/wiki/Anti-discrimination_law
https://en.wikipedia.org/wiki/Artificial_intelligence,"https://en.wikipedia.org/wiki/ACM_Conference_on_Fairness,_Accountability,_and_Transparency"
https://en.wikipedia.org/wiki/Artificial_intelligence,https://en.wikipedia.org/wiki/Association_for_Computing_Machinery
https://en.wikipedia.org/wiki/Artificial_intelligence,https://en.wikipedia.org/wiki/Wikipedia:Accuracy_dispute#Disputed_statement
https://en.wikipedia.org/wiki/Artificial_intelligence,https://en.wikipedia.org/wiki/Talk:Artificial_intelligence#Dubious
https://en.wikipedia.org/wiki/Artificial_intelligence,https://en.wikipedia.org/wiki/Explainable_AI
https://en.wikipedia.org/wiki/Artificial_intelligence,https://en.wikipedia.org/wiki/Algorithmic_transparency
https://en.wikipedia.org/wiki/Artificial_intelligence,https://en.wikipedia.org/wiki/Right_to_explanation
https://en.wikipedia.org/wiki/Artificial_intelligence,https://en.wikipedia.org/wiki/Deep_neural_networks
https://en.wikipedia.org/wiki/Artificial_intelligence,https://en.wikipedia.org/wiki/Linear
https://en.wikipedia.org/wiki/Artificial_intelligence,https://en.wikipedia.org/wiki/Ruler
https://en.wikipedia.org/wiki/Artificial_intelligence,https://en.wikipedia.org/wiki/General_Data_Protection_Regulation
https://en.wikipedia.org/wiki/Artificial_intelligence,https://en.wikipedia.org/wiki/DARPA
https://en.wikipedia.org/wiki/Artificial_intelligence,https://en.wikipedia.org/wiki/Explainable_Artificial_Intelligence
https://en.wikipedia.org/wiki/Artificial_intelligence,https://en.wikipedia.org/wiki/Multitask_learning
https://en.wikipedia.org/wiki/Artificial_intelligence,https://en.wikipedia.org/wiki/Deconvolution
https://en.wikipedia.org/wiki/Artificial_intelligence,https://en.wikipedia.org/wiki/DeepDream
https://en.wikipedia.org/wiki/Artificial_intelligence,https://en.wikipedia.org/wiki/Generative_AI
https://en.wikipedia.org/wiki/Artificial_intelligence,https://en.wikipedia.org/wiki/Generative_pre-trained_transformer
https://en.wikipedia.org/wiki/Artificial_intelligence,https://en.wikipedia.org/wiki/Anthropic
https://en.wikipedia.org/wiki/Artificial_intelligence,https://en.wikipedia.org/wiki/Dictionary_learning
https://en.wikipedia.org/wiki/Artificial_intelligence,https://en.wikipedia.org/wiki/Lethal_autonomous_weapon
https://en.wikipedia.org/wiki/Artificial_intelligence,https://en.wikipedia.org/wiki/Artificial_intelligence_arms_race
https://en.wikipedia.org/wiki/Artificial_intelligence,https://en.wikipedia.org/wiki/AI_safety
https://en.wikipedia.org/wiki/Artificial_intelligence,https://en.wikipedia.org/wiki/Bad_actor
https://en.wikipedia.org/wiki/Artificial_intelligence,https://en.wikipedia.org/wiki/Authoritarian
https://en.wikipedia.org/wiki/Artificial_intelligence,https://en.wikipedia.org/wiki/Terrorist
https://en.wikipedia.org/wiki/Artificial_intelligence,https://en.wikipedia.org/wiki/Criminals
https://en.wikipedia.org/wiki/Artificial_intelligence,https://en.wikipedia.org/wiki/Rogue_states
https://en.wikipedia.org/wiki/Artificial_intelligence,https://en.wikipedia.org/wiki/Weapons_of_mass_destruction
https://en.wikipedia.org/wiki/Artificial_intelligence,https://en.wikipedia.org/wiki/Murder
https://en.wikipedia.org/wiki/Artificial_intelligence,https://en.wikipedia.org/wiki/United_Nations
https://en.wikipedia.org/wiki/Artificial_intelligence,https://en.wikipedia.org/wiki/Convention_on_Certain_Conventional_Weapons
https://en.wikipedia.org/wiki/Artificial_intelligence,https://en.wikipedia.org/wiki/United_States
https://en.wikipedia.org/wiki/Artificial_intelligence,https://en.wikipedia.org/wiki/Authoritarian
https://en.wikipedia.org/wiki/Artificial_intelligence,https://en.wikipedia.org/wiki/Facial_recognition_system
https://en.wikipedia.org/wiki/Artificial_intelligence,https://en.wikipedia.org/wiki/Speaker_recognition
https://en.wikipedia.org/wiki/Artificial_intelligence,https://en.wikipedia.org/wiki/Surveillance
https://en.wikipedia.org/wiki/Artificial_intelligence,https://en.wikipedia.org/wiki/Machine_learning
https://en.wikipedia.org/wiki/Artificial_intelligence,https://en.wikipedia.org/wiki/Classifier_(machine_learning)
https://en.wikipedia.org/wiki/Artificial_intelligence,https://en.wikipedia.org/wiki/Recommendation_systems
https://en.wikipedia.org/wiki/Artificial_intelligence,https://en.wikipedia.org/wiki/Propaganda
https://en.wikipedia.org/wiki/Artificial_intelligence,https://en.wikipedia.org/wiki/Misinformation
https://en.wikipedia.org/wiki/Artificial_intelligence,https://en.wikipedia.org/wiki/Deepfakes
https://en.wikipedia.org/wiki/Artificial_intelligence,https://en.wikipedia.org/wiki/Generative_AI
https://en.wikipedia.org/wiki/Artificial_intelligence,https://en.wikipedia.org/wiki/Technocracy
https://en.wikipedia.org/wiki/Artificial_intelligence,https://en.wikipedia.org/wiki/Market_(economics)
https://en.wikipedia.org/wiki/Artificial_intelligence,https://en.wikipedia.org/wiki/Digital_warfare
https://en.wikipedia.org/wiki/Artificial_intelligence,https://en.wikipedia.org/wiki/Spyware
https://en.wikipedia.org/wiki/Artificial_intelligence,https://en.wikipedia.org/wiki/Facial_recognition_system
https://en.wikipedia.org/wiki/Artificial_intelligence,https://en.wikipedia.org/wiki/Mass_surveillance
https://en.wikipedia.org/wiki/Artificial_intelligence,https://en.wikipedia.org/wiki/Workplace_impact_of_artificial_intelligence
https://en.wikipedia.org/wiki/Artificial_intelligence,https://en.wikipedia.org/wiki/Technological_unemployment
https://en.wikipedia.org/wiki/Artificial_intelligence,https://en.wikipedia.org/wiki/Unemployment
https://en.wikipedia.org/wiki/Artificial_intelligence,https://en.wikipedia.org/wiki/Productivity
https://en.wikipedia.org/wiki/Artificial_intelligence,https://en.wikipedia.org/wiki/Redistribution_of_income_and_wealth
https://en.wikipedia.org/wiki/Artificial_intelligence,https://en.wikipedia.org/wiki/Carl_Benedikt_Frey
https://en.wikipedia.org/wiki/Artificial_intelligence,https://en.wikipedia.org/wiki/The_Economist
https://en.wikipedia.org/wiki/Artificial_intelligence,https://en.wikipedia.org/wiki/Paralegal
https://en.wikipedia.org/wiki/Artificial_intelligence,https://en.wikipedia.org/wiki/Joseph_Weizenbaum
https://en.wikipedia.org/wiki/Artificial_intelligence,https://en.wikipedia.org/wiki/Existential_risk_from_artificial_intelligence
https://en.wikipedia.org/wiki/Artificial_intelligence,https://en.wikipedia.org/wiki/Stephen_Hawking
https://en.wikipedia.org/wiki/Artificial_intelligence,https://en.wikipedia.org/wiki/Global_catastrophic_risk
https://en.wikipedia.org/wiki/Artificial_intelligence,https://en.wikipedia.org/wiki/Sentience
https://en.wikipedia.org/wiki/Artificial_intelligence,https://en.wikipedia.org/wiki/Nick_Bostrom
https://en.wikipedia.org/wiki/Artificial_intelligence,https://en.wikipedia.org/wiki/Instrumental_convergence#Paperclip_maximizer
https://en.wikipedia.org/wiki/Artificial_intelligence,https://en.wikipedia.org/wiki/Stuart_J._Russell
https://en.wikipedia.org/wiki/Artificial_intelligence,https://en.wikipedia.org/wiki/Superintelligence
https://en.wikipedia.org/wiki/Artificial_intelligence,https://en.wikipedia.org/wiki/AI_alignment
https://en.wikipedia.org/wiki/Artificial_intelligence,https://en.wikipedia.org/wiki/Yuval_Noah_Harari
https://en.wikipedia.org/wiki/Artificial_intelligence,https://en.wikipedia.org/wiki/Ideologies
https://en.wikipedia.org/wiki/Artificial_intelligence,https://en.wikipedia.org/wiki/Law
https://en.wikipedia.org/wiki/Artificial_intelligence,https://en.wikipedia.org/wiki/Government
https://en.wikipedia.org/wiki/Artificial_intelligence,https://en.wikipedia.org/wiki/Money
https://en.wikipedia.org/wiki/Artificial_intelligence,https://en.wikipedia.org/wiki/Economy
https://en.wikipedia.org/wiki/Artificial_intelligence,https://en.wikipedia.org/wiki/Language
https://en.wikipedia.org/wiki/Artificial_intelligence,https://en.wikipedia.org/wiki/Misinformation
https://en.wikipedia.org/wiki/Artificial_intelligence,https://en.wikipedia.org/wiki/Stephen_Hawking
https://en.wikipedia.org/wiki/Artificial_intelligence,https://en.wikipedia.org/wiki/Bill_Gates
https://en.wikipedia.org/wiki/Artificial_intelligence,https://en.wikipedia.org/wiki/Elon_Musk
https://en.wikipedia.org/wiki/Artificial_intelligence,https://en.wikipedia.org/wiki/Yoshua_Bengio
https://en.wikipedia.org/wiki/Artificial_intelligence,https://en.wikipedia.org/wiki/Stuart_J._Russell
https://en.wikipedia.org/wiki/Artificial_intelligence,https://en.wikipedia.org/wiki/Demis_Hassabis
https://en.wikipedia.org/wiki/Artificial_intelligence,https://en.wikipedia.org/wiki/Sam_Altman
https://en.wikipedia.org/wiki/Artificial_intelligence,https://en.wikipedia.org/wiki/Geoffrey_Hinton
https://en.wikipedia.org/wiki/Artificial_intelligence,https://en.wikipedia.org/wiki/AI_takeover
https://en.wikipedia.org/wiki/Artificial_intelligence,https://en.wikipedia.org/wiki/Statement_on_AI_risk_of_extinction
https://en.wikipedia.org/wiki/Artificial_intelligence,https://en.wikipedia.org/wiki/J%C3%BCrgen_Schmidhuber
https://en.wikipedia.org/wiki/Artificial_intelligence,https://en.wikipedia.org/wiki/Andrew_Ng
https://en.wikipedia.org/wiki/Artificial_intelligence,https://en.wikipedia.org/wiki/Yann_LeCun
https://en.wikipedia.org/wiki/Artificial_intelligence,https://en.wikipedia.org/wiki/Machine_ethics
https://en.wikipedia.org/wiki/Artificial_intelligence,https://en.wikipedia.org/wiki/AI_safety
https://en.wikipedia.org/wiki/Artificial_intelligence,https://en.wikipedia.org/wiki/Friendly_artificial_intelligence
https://en.wikipedia.org/wiki/Artificial_intelligence,https://en.wikipedia.org/wiki/Artificial_moral_agents
https://en.wikipedia.org/wiki/Artificial_intelligence,https://en.wikipedia.org/wiki/Human_Compatible
https://en.wikipedia.org/wiki/Artificial_intelligence,https://en.wikipedia.org/wiki/Eliezer_Yudkowsky
https://en.wikipedia.org/wiki/Artificial_intelligence,https://en.wikipedia.org/wiki/AAAI
https://en.wikipedia.org/wiki/Artificial_intelligence,https://en.wikipedia.org/wiki/Wendell_Wallach
https://en.wikipedia.org/wiki/Artificial_intelligence,https://en.wikipedia.org/wiki/Stuart_J._Russell
https://en.wikipedia.org/wiki/Artificial_intelligence,https://en.wikipedia.org/wiki/Human_Compatible#Russell's_three_principles
https://en.wikipedia.org/wiki/Artificial_intelligence,https://en.wikipedia.org/wiki/Hugging_Face
https://en.wikipedia.org/wiki/Artificial_intelligence,https://en.wikipedia.org/wiki/Google
https://en.wikipedia.org/wiki/Artificial_intelligence,https://en.wikipedia.org/wiki/EleutherAI
https://en.wikipedia.org/wiki/Artificial_intelligence,https://en.wikipedia.org/wiki/Meta_Platforms
https://en.wikipedia.org/wiki/Artificial_intelligence,https://en.wikipedia.org/wiki/LLaMA
https://en.wikipedia.org/wiki/Artificial_intelligence,https://en.wikipedia.org/wiki/Mistral_AI
https://en.wikipedia.org/wiki/Artificial_intelligence,https://en.wikipedia.org/wiki/Stable_Diffusion
https://en.wikipedia.org/wiki/Artificial_intelligence,https://en.wikipedia.org/wiki/Fine-tuning_(deep_learning)
https://en.wikipedia.org/wiki/Artificial_intelligence,https://en.wikipedia.org/wiki/Bioterrorism
https://en.wikipedia.org/wiki/Artificial_intelligence,https://en.wikipedia.org/wiki/Alan_Turing_Institute
https://en.wikipedia.org/wiki/Artificial_intelligence,https://en.wikipedia.org/wiki/Asilomar_Conference_on_Beneficial_AI
https://en.wikipedia.org/wiki/Artificial_intelligence,https://en.wikipedia.org/wiki/AI_Safety_Institute_(United_Kingdom)
https://en.wikipedia.org/wiki/Artificial_intelligence,https://en.wikipedia.org/wiki/Regulation_of_artificial_intelligence
https://en.wikipedia.org/wiki/Artificial_intelligence,https://en.wikipedia.org/wiki/Regulation_of_algorithms
https://en.wikipedia.org/wiki/Artificial_intelligence,https://en.wikipedia.org/wiki/AI_safety
https://en.wikipedia.org/wiki/Artificial_intelligence,https://en.wikipedia.org/wiki/AI_Safety_Summit
https://en.wikipedia.org/wiki/Artificial_intelligence,https://en.wikipedia.org/wiki/Stanford
https://en.wikipedia.org/wiki/Artificial_intelligence,https://en.wikipedia.org/wiki/Global_Partnership_on_Artificial_Intelligence
https://en.wikipedia.org/wiki/Artificial_intelligence,https://en.wikipedia.org/wiki/Henry_Kissinger
https://en.wikipedia.org/wiki/Artificial_intelligence,https://en.wikipedia.org/wiki/Eric_Schmidt
https://en.wikipedia.org/wiki/Artificial_intelligence,https://en.wikipedia.org/wiki/Daniel_Huttenlocher
https://en.wikipedia.org/wiki/Artificial_intelligence,https://en.wikipedia.org/wiki/Council_of_Europe
https://en.wikipedia.org/wiki/Artificial_intelligence,"https://en.wikipedia.org/wiki/Framework_Convention_on_Artificial_Intelligence_and_Human_Rights,_Democracy_and_the_Rule_of_Law"
https://en.wikipedia.org/wiki/Artificial_intelligence,https://en.wikipedia.org/wiki/Ipsos
https://en.wikipedia.org/wiki/Artificial_intelligence,https://en.wikipedia.org/wiki/Reuters
https://en.wikipedia.org/wiki/Artificial_intelligence,https://en.wikipedia.org/wiki/Fox_News
https://en.wikipedia.org/wiki/Artificial_intelligence,https://en.wikipedia.org/wiki/AI_Safety_Summit
https://en.wikipedia.org/wiki/Artificial_intelligence,https://en.wikipedia.org/wiki/Bletchley_Park
https://en.wikipedia.org/wiki/Artificial_intelligence,https://en.wikipedia.org/wiki/AI_Seoul_Summit
https://en.wikipedia.org/wiki/Artificial_intelligence,https://en.wikipedia.org/wiki/History_of_artificial_intelligence
https://en.wikipedia.org/wiki/Artificial_intelligence,https://en.wikipedia.org/wiki/Timeline_of_artificial_intelligence
https://en.wikipedia.org/wiki/Artificial_intelligence,https://en.wikipedia.org/wiki/Alan_Turing
https://en.wikipedia.org/wiki/Artificial_intelligence,https://en.wikipedia.org/wiki/Theory_of_computation
https://en.wikipedia.org/wiki/Artificial_intelligence,https://en.wikipedia.org/wiki/Cybernetics
https://en.wikipedia.org/wiki/Artificial_intelligence,https://en.wikipedia.org/wiki/Information_theory
https://en.wikipedia.org/wiki/Artificial_intelligence,https://en.wikipedia.org/wiki/Neurobiology
https://en.wikipedia.org/wiki/Artificial_intelligence,https://en.wikipedia.org/wiki/Warren_McCullouch
https://en.wikipedia.org/wiki/Artificial_intelligence,https://en.wikipedia.org/wiki/Walter_Pitts
https://en.wikipedia.org/wiki/Artificial_intelligence,https://en.wikipedia.org/wiki/Computing_Machinery_and_Intelligence
https://en.wikipedia.org/wiki/Artificial_intelligence,https://en.wikipedia.org/wiki/Turing_test
https://en.wikipedia.org/wiki/Artificial_intelligence,https://en.wikipedia.org/wiki/Dartmouth_workshop
https://en.wikipedia.org/wiki/Artificial_intelligence,https://en.wikipedia.org/wiki/Dartmouth_College
https://en.wikipedia.org/wiki/Artificial_intelligence,https://en.wikipedia.org/wiki/Checkers
https://en.wikipedia.org/wiki/Artificial_intelligence,https://en.wikipedia.org/wiki/Theorem
https://en.wikipedia.org/wiki/Artificial_intelligence,https://en.wikipedia.org/wiki/Artificial_general_intelligence
https://en.wikipedia.org/wiki/Artificial_intelligence,https://en.wikipedia.org/wiki/Herbert_A._Simon
https://en.wikipedia.org/wiki/Artificial_intelligence,https://en.wikipedia.org/wiki/Marvin_Minsky
https://en.wikipedia.org/wiki/Artificial_intelligence,https://en.wikipedia.org/wiki/Lighthill_report
https://en.wikipedia.org/wiki/Artificial_intelligence,https://en.wikipedia.org/wiki/Sir_James_Lighthill
https://en.wikipedia.org/wiki/Artificial_intelligence,https://en.wikipedia.org/wiki/Mansfield_Amendment
https://en.wikipedia.org/wiki/Artificial_intelligence,https://en.wikipedia.org/wiki/Marvin_Minsky
https://en.wikipedia.org/wiki/Artificial_intelligence,https://en.wikipedia.org/wiki/Papert
https://en.wikipedia.org/wiki/Artificial_intelligence,https://en.wikipedia.org/wiki/Perceptron
https://en.wikipedia.org/wiki/Artificial_intelligence,https://en.wikipedia.org/wiki/Artificial_neural_networks
https://en.wikipedia.org/wiki/Artificial_intelligence,https://en.wikipedia.org/wiki/AI_winter
https://en.wikipedia.org/wiki/Artificial_intelligence,https://en.wikipedia.org/wiki/Expert_system
https://en.wikipedia.org/wiki/Artificial_intelligence,https://en.wikipedia.org/wiki/Fifth_generation_computer
https://en.wikipedia.org/wiki/Artificial_intelligence,https://en.wikipedia.org/wiki/Academic_research
https://en.wikipedia.org/wiki/Artificial_intelligence,https://en.wikipedia.org/wiki/Lisp_Machine
https://en.wikipedia.org/wiki/Artificial_intelligence,https://en.wikipedia.org/wiki/Symbolic_AI
https://en.wikipedia.org/wiki/Artificial_intelligence,https://en.wikipedia.org/wiki/Mental_objects
https://en.wikipedia.org/wiki/Artificial_intelligence,https://en.wikipedia.org/wiki/Machine_perception
https://en.wikipedia.org/wiki/Artificial_intelligence,https://en.wikipedia.org/wiki/Robotics
https://en.wikipedia.org/wiki/Artificial_intelligence,https://en.wikipedia.org/wiki/Machine_learning
https://en.wikipedia.org/wiki/Artificial_intelligence,https://en.wikipedia.org/wiki/Pattern_recognition
https://en.wikipedia.org/wiki/Artificial_intelligence,https://en.wikipedia.org/wiki/Rodney_Brooks
https://en.wikipedia.org/wiki/Artificial_intelligence,https://en.wikipedia.org/wiki/Judea_Pearl
https://en.wikipedia.org/wiki/Artificial_intelligence,https://en.wikipedia.org/wiki/Lofti_Zadeh
https://en.wikipedia.org/wiki/Artificial_intelligence,https://en.wikipedia.org/wiki/Connectionism
https://en.wikipedia.org/wiki/Artificial_intelligence,https://en.wikipedia.org/wiki/Geoffrey_Hinton
https://en.wikipedia.org/wiki/Artificial_intelligence,https://en.wikipedia.org/wiki/Yann_LeCun
https://en.wikipedia.org/wiki/Artificial_intelligence,https://en.wikipedia.org/wiki/Convolutional_neural_networks
https://en.wikipedia.org/wiki/Artificial_intelligence,https://en.wikipedia.org/wiki/Narrow_AI
https://en.wikipedia.org/wiki/Artificial_intelligence,https://en.wikipedia.org/wiki/Statistics
https://en.wikipedia.org/wiki/Artificial_intelligence,https://en.wikipedia.org/wiki/Economics
https://en.wikipedia.org/wiki/Artificial_intelligence,https://en.wikipedia.org/wiki/Mathematical_optimization
https://en.wikipedia.org/wiki/Artificial_intelligence,https://en.wikipedia.org/wiki/AI_effect
https://en.wikipedia.org/wiki/Artificial_intelligence,https://en.wikipedia.org/wiki/Artificial_general_intelligence
https://en.wikipedia.org/wiki/Artificial_intelligence,https://en.wikipedia.org/wiki/Deep_learning
https://en.wikipedia.org/wiki/Artificial_intelligence,https://en.wikipedia.org/wiki/Moore%27s_law
https://en.wikipedia.org/wiki/Artificial_intelligence,https://en.wikipedia.org/wiki/Graphics_processing_unit
https://en.wikipedia.org/wiki/Artificial_intelligence,https://en.wikipedia.org/wiki/Cloud_computing
https://en.wikipedia.org/wiki/Artificial_intelligence,https://en.wikipedia.org/wiki/Big_data
https://en.wikipedia.org/wiki/Artificial_intelligence,https://en.wikipedia.org/wiki/ImageNet
https://en.wikipedia.org/wiki/Artificial_intelligence,https://en.wikipedia.org/wiki/Algorithmic_fairness
https://en.wikipedia.org/wiki/Artificial_intelligence,https://en.wikipedia.org/wiki/AI_alignment
https://en.wikipedia.org/wiki/Artificial_intelligence,https://en.wikipedia.org/wiki/Artificial_general_intelligence
https://en.wikipedia.org/wiki/Artificial_intelligence,https://en.wikipedia.org/wiki/AlphaGo
https://en.wikipedia.org/wiki/Artificial_intelligence,https://en.wikipedia.org/wiki/DeepMind
https://en.wikipedia.org/wiki/Artificial_intelligence,https://en.wikipedia.org/wiki/Go_player
https://en.wikipedia.org/wiki/Artificial_intelligence,https://en.wikipedia.org/wiki/GPT-3
https://en.wikipedia.org/wiki/Artificial_intelligence,https://en.wikipedia.org/wiki/Large_language_model
https://en.wikipedia.org/wiki/Artificial_intelligence,https://en.wikipedia.org/wiki/OpenAI
https://en.wikipedia.org/wiki/Artificial_intelligence,https://en.wikipedia.org/wiki/ChatGPT
https://en.wikipedia.org/wiki/Artificial_intelligence,https://en.wikipedia.org/wiki/AI_boom
https://en.wikipedia.org/wiki/Artificial_intelligence,https://en.wikipedia.org/wiki/Startup_company
https://en.wikipedia.org/wiki/Artificial_intelligence,https://en.wikipedia.org/wiki/Philosophy_of_artificial_intelligence
https://en.wikipedia.org/wiki/Artificial_intelligence,https://en.wikipedia.org/wiki/Epistemology
https://en.wikipedia.org/wiki/Artificial_intelligence,https://en.wikipedia.org/wiki/Free_will
https://en.wikipedia.org/wiki/Artificial_intelligence,https://en.wikipedia.org/wiki/Ethics_of_AI
https://en.wikipedia.org/wiki/Artificial_intelligence,https://en.wikipedia.org/wiki/Turing_test
https://en.wikipedia.org/wiki/Artificial_intelligence,https://en.wikipedia.org/wiki/Intelligent_agent
https://en.wikipedia.org/wiki/Artificial_intelligence,https://en.wikipedia.org/wiki/Dartmouth_workshop
https://en.wikipedia.org/wiki/Artificial_intelligence,https://en.wikipedia.org/wiki/Synthetic_intelligence
https://en.wikipedia.org/wiki/Artificial_intelligence,https://en.wikipedia.org/wiki/Alan_Turing
https://en.wikipedia.org/wiki/Artificial_intelligence,https://en.wikipedia.org/wiki/Problem_of_other_minds
https://en.wikipedia.org/wiki/Artificial_intelligence,https://en.wikipedia.org/wiki/Stuart_J._Russell
https://en.wikipedia.org/wiki/Artificial_intelligence,https://en.wikipedia.org/wiki/Norvig
https://en.wikipedia.org/wiki/Artificial_intelligence,https://en.wikipedia.org/wiki/Aeronautics
https://en.wikipedia.org/wiki/Artificial_intelligence,https://en.wikipedia.org/wiki/Pigeon
https://en.wikipedia.org/wiki/Artificial_intelligence,https://en.wikipedia.org/wiki/John_McCarthy_(computer_scientist)
https://en.wikipedia.org/wiki/Artificial_intelligence,https://en.wikipedia.org/wiki/Marvin_Minsky
https://en.wikipedia.org/wiki/Artificial_intelligence,https://en.wikipedia.org/wiki/Buzzword
https://en.wikipedia.org/wiki/Artificial_intelligence,https://en.wikipedia.org/wiki/Paradigm
https://en.wikipedia.org/wiki/Artificial_intelligence,https://en.wikipedia.org/wiki/Sub-symbolic
https://en.wikipedia.org/wiki/Artificial_intelligence,https://en.wikipedia.org/wiki/Soft_computing
https://en.wikipedia.org/wiki/Artificial_intelligence,https://en.wikipedia.org/wiki/Artificial_general_intelligence
https://en.wikipedia.org/wiki/Artificial_intelligence,https://en.wikipedia.org/wiki/Symbolic_AI
https://en.wikipedia.org/wiki/Artificial_intelligence,https://en.wikipedia.org/wiki/GOFAI
https://en.wikipedia.org/wiki/Artificial_intelligence,https://en.wikipedia.org/wiki/Physical_symbol_systems_hypothesis
https://en.wikipedia.org/wiki/Artificial_intelligence,https://en.wikipedia.org/wiki/Moravec%27s_paradox
https://en.wikipedia.org/wiki/Artificial_intelligence,https://en.wikipedia.org/wiki/Hubert_Dreyfus
https://en.wikipedia.org/wiki/Artificial_intelligence,https://en.wikipedia.org/wiki/Dreyfus%27_critique_of_AI
https://en.wikipedia.org/wiki/Artificial_intelligence,https://en.wikipedia.org/wiki/Sub-symbolic
https://en.wikipedia.org/wiki/Artificial_intelligence,https://en.wikipedia.org/wiki/Algorithmic_bias
https://en.wikipedia.org/wiki/Artificial_intelligence,https://en.wikipedia.org/wiki/Noam_Chomsky
https://en.wikipedia.org/wiki/Artificial_intelligence,https://en.wikipedia.org/wiki/Explainable_AI
https://en.wikipedia.org/wiki/Artificial_intelligence,https://en.wikipedia.org/wiki/Neuro-symbolic_AI
https://en.wikipedia.org/wiki/Artificial_intelligence,https://en.wikipedia.org/wiki/Neats_and_scruffies
https://en.wikipedia.org/wiki/Artificial_intelligence,https://en.wikipedia.org/wiki/Logic
https://en.wikipedia.org/wiki/Artificial_intelligence,https://en.wikipedia.org/wiki/Optimization
https://en.wikipedia.org/wiki/Artificial_intelligence,https://en.wikipedia.org/wiki/Artificial_neural_network
https://en.wikipedia.org/wiki/Artificial_intelligence,https://en.wikipedia.org/wiki/Soft_computing
https://en.wikipedia.org/wiki/Artificial_intelligence,https://en.wikipedia.org/wiki/Intractability_(complexity)
https://en.wikipedia.org/wiki/Artificial_intelligence,https://en.wikipedia.org/wiki/Genetic_algorithms
https://en.wikipedia.org/wiki/Artificial_intelligence,https://en.wikipedia.org/wiki/Fuzzy_logic
https://en.wikipedia.org/wiki/Artificial_intelligence,https://en.wikipedia.org/wiki/Weak_artificial_intelligence
https://en.wikipedia.org/wiki/Artificial_intelligence,https://en.wikipedia.org/wiki/Artificial_general_intelligence
https://en.wikipedia.org/wiki/Artificial_intelligence,https://en.wikipedia.org/wiki/Superintelligence
https://en.wikipedia.org/wiki/Artificial_intelligence,https://en.wikipedia.org/wiki/Philosophy_of_artificial_intelligence
https://en.wikipedia.org/wiki/Artificial_intelligence,https://en.wikipedia.org/wiki/Artificial_consciousness
https://en.wikipedia.org/wiki/Artificial_intelligence,https://en.wikipedia.org/wiki/Philosophy_of_mind
https://en.wikipedia.org/wiki/Artificial_intelligence,https://en.wikipedia.org/wiki/Mind
https://en.wikipedia.org/wiki/Artificial_intelligence,https://en.wikipedia.org/wiki/Consciousness
https://en.wikipedia.org/wiki/Artificial_intelligence,https://en.wikipedia.org/wiki/Philosophy_of_mind
https://en.wikipedia.org/wiki/Artificial_intelligence,https://en.wikipedia.org/wiki/Stuart_J._Russell
https://en.wikipedia.org/wiki/Artificial_intelligence,https://en.wikipedia.org/wiki/Norvig
https://en.wikipedia.org/wiki/Artificial_intelligence,https://en.wikipedia.org/wiki/Artificial_intelligence_in_fiction
https://en.wikipedia.org/wiki/Artificial_intelligence,https://en.wikipedia.org/wiki/Hard_problem_of_consciousness
https://en.wikipedia.org/wiki/Artificial_intelligence,https://en.wikipedia.org/wiki/Theory_of_mind
https://en.wikipedia.org/wiki/Artificial_intelligence,https://en.wikipedia.org/wiki/David_Chalmers
https://en.wikipedia.org/wiki/Artificial_intelligence,https://en.wikipedia.org/wiki/Information_processing_(psychology)
https://en.wikipedia.org/wiki/Artificial_intelligence,https://en.wikipedia.org/wiki/Subjective_experience
https://en.wikipedia.org/wiki/Artificial_intelligence,https://en.wikipedia.org/wiki/Computational_theory_of_mind
https://en.wikipedia.org/wiki/Artificial_intelligence,https://en.wikipedia.org/wiki/Functionalism_(philosophy_of_mind)
https://en.wikipedia.org/wiki/Artificial_intelligence,https://en.wikipedia.org/wiki/Philosophy_of_mind
https://en.wikipedia.org/wiki/Artificial_intelligence,https://en.wikipedia.org/wiki/Mind%E2%80%93body_problem
https://en.wikipedia.org/wiki/Artificial_intelligence,https://en.wikipedia.org/wiki/Jerry_Fodor
https://en.wikipedia.org/wiki/Artificial_intelligence,https://en.wikipedia.org/wiki/Hilary_Putnam
https://en.wikipedia.org/wiki/Artificial_intelligence,https://en.wikipedia.org/wiki/John_Searle
https://en.wikipedia.org/wiki/Artificial_intelligence,https://en.wikipedia.org/wiki/Strong_AI_hypothesis
https://en.wikipedia.org/wiki/Artificial_intelligence,https://en.wikipedia.org/wiki/Chinese_room
https://en.wikipedia.org/wiki/Artificial_intelligence,https://en.wikipedia.org/wiki/Sentient_AI
https://en.wikipedia.org/wiki/Artificial_intelligence,https://en.wikipedia.org/wiki/Sapience
https://en.wikipedia.org/wiki/Artificial_intelligence,https://en.wikipedia.org/wiki/Self-awareness
https://en.wikipedia.org/wiki/Artificial_intelligence,https://en.wikipedia.org/wiki/Robot_rights
https://en.wikipedia.org/wiki/Artificial_intelligence,https://en.wikipedia.org/wiki/Human_rights
https://en.wikipedia.org/wiki/Artificial_intelligence,https://en.wikipedia.org/wiki/Moral_blindness
https://en.wikipedia.org/wiki/Artificial_intelligence,https://en.wikipedia.org/wiki/Slavery
https://en.wikipedia.org/wiki/Artificial_intelligence,https://en.wikipedia.org/wiki/Factory_farming
https://en.wikipedia.org/wiki/Artificial_intelligence,https://en.wikipedia.org/wiki/Suffering_risks
https://en.wikipedia.org/wiki/Artificial_intelligence,https://en.wikipedia.org/wiki/Superintelligence
https://en.wikipedia.org/wiki/Artificial_intelligence,https://en.wikipedia.org/wiki/Artificial_general_intelligence
https://en.wikipedia.org/wiki/Artificial_intelligence,https://en.wikipedia.org/wiki/Recursive_self-improvement
https://en.wikipedia.org/wiki/Artificial_intelligence,https://en.wikipedia.org/wiki/I._J._Good
https://en.wikipedia.org/wiki/Artificial_intelligence,https://en.wikipedia.org/wiki/Intelligence_explosion
https://en.wikipedia.org/wiki/Artificial_intelligence,https://en.wikipedia.org/wiki/Vernor_Vinge
https://en.wikipedia.org/wiki/Artificial_intelligence,https://en.wikipedia.org/wiki/Technological_singularity
https://en.wikipedia.org/wiki/Artificial_intelligence,https://en.wikipedia.org/wiki/S-shaped_curve
https://en.wikipedia.org/wiki/Artificial_intelligence,https://en.wikipedia.org/wiki/Transhumanism
https://en.wikipedia.org/wiki/Artificial_intelligence,https://en.wikipedia.org/wiki/Hans_Moravec
https://en.wikipedia.org/wiki/Artificial_intelligence,https://en.wikipedia.org/wiki/Kevin_Warwick
https://en.wikipedia.org/wiki/Artificial_intelligence,https://en.wikipedia.org/wiki/Ray_Kurzweil
https://en.wikipedia.org/wiki/Artificial_intelligence,https://en.wikipedia.org/wiki/Cyborg
https://en.wikipedia.org/wiki/Artificial_intelligence,https://en.wikipedia.org/wiki/Aldous_Huxley
https://en.wikipedia.org/wiki/Artificial_intelligence,https://en.wikipedia.org/wiki/Robert_Ettinger
https://en.wikipedia.org/wiki/Artificial_intelligence,https://en.wikipedia.org/wiki/Edward_Fredkin
https://en.wikipedia.org/wiki/Artificial_intelligence,https://en.wikipedia.org/wiki/Samuel_Butler_(novelist)
https://en.wikipedia.org/wiki/Artificial_intelligence,https://en.wikipedia.org/wiki/Darwin_among_the_Machines
https://en.wikipedia.org/wiki/Artificial_intelligence,https://en.wikipedia.org/wiki/George_Dyson_(science_historian)
https://en.wikipedia.org/wiki/Artificial_intelligence,https://en.wikipedia.org/wiki/Darwin_Among_the_Machines#Evolution_of_Global_Intelligence
https://en.wikipedia.org/wiki/Artificial_intelligence,https://en.wikipedia.org/wiki/Dan_McQuillan
https://en.wikipedia.org/wiki/Artificial_intelligence,https://en.wikipedia.org/wiki/Degrowth
https://en.wikipedia.org/wiki/Artificial_intelligence,https://en.wikipedia.org/wiki/Artificial_intelligence_in_fiction
https://en.wikipedia.org/wiki/Artificial_intelligence,https://en.wikipedia.org/wiki/Karel_%C4%8Capek
https://en.wikipedia.org/wiki/Artificial_intelligence,https://en.wikipedia.org/wiki/R.U.R.
https://en.wikipedia.org/wiki/Artificial_intelligence,https://en.wikipedia.org/wiki/Science_fiction
https://en.wikipedia.org/wiki/Artificial_intelligence,https://en.wikipedia.org/wiki/Trope_(literature)
https://en.wikipedia.org/wiki/Artificial_intelligence,https://en.wikipedia.org/wiki/Mary_Shelley
https://en.wikipedia.org/wiki/Artificial_intelligence,https://en.wikipedia.org/wiki/Frankenstein
https://en.wikipedia.org/wiki/Artificial_intelligence,https://en.wikipedia.org/wiki/2001:_A_Space_Odyssey_(novel)
https://en.wikipedia.org/wiki/Artificial_intelligence,https://en.wikipedia.org/wiki/2001:_A_Space_Odyssey
https://en.wikipedia.org/wiki/Artificial_intelligence,https://en.wikipedia.org/wiki/HAL_9000
https://en.wikipedia.org/wiki/Artificial_intelligence,https://en.wikipedia.org/wiki/Discovery_One
https://en.wikipedia.org/wiki/Artificial_intelligence,https://en.wikipedia.org/wiki/The_Terminator
https://en.wikipedia.org/wiki/Artificial_intelligence,https://en.wikipedia.org/wiki/The_Matrix
https://en.wikipedia.org/wiki/Artificial_intelligence,https://en.wikipedia.org/wiki/The_Day_the_Earth_Stood_Still
https://en.wikipedia.org/wiki/Artificial_intelligence,https://en.wikipedia.org/wiki/Aliens_(film)
https://en.wikipedia.org/wiki/Artificial_intelligence,https://en.wikipedia.org/wiki/Isaac_Asimov
https://en.wikipedia.org/wiki/Artificial_intelligence,https://en.wikipedia.org/wiki/Three_Laws_of_Robotics
https://en.wikipedia.org/wiki/Artificial_intelligence,https://en.wikipedia.org/wiki/Multivac
https://en.wikipedia.org/wiki/Artificial_intelligence,https://en.wikipedia.org/wiki/Sentience
https://en.wikipedia.org/wiki/Artificial_intelligence,https://en.wikipedia.org/wiki/Karel_%C4%8Capek
https://en.wikipedia.org/wiki/Artificial_intelligence,https://en.wikipedia.org/wiki/R.U.R.
https://en.wikipedia.org/wiki/Artificial_intelligence,https://en.wikipedia.org/wiki/A.I._Artificial_Intelligence
https://en.wikipedia.org/wiki/Artificial_intelligence,https://en.wikipedia.org/wiki/Ex_Machina_(film)
https://en.wikipedia.org/wiki/Artificial_intelligence,https://en.wikipedia.org/wiki/Do_Androids_Dream_of_Electric_Sheep%3F
https://en.wikipedia.org/wiki/Artificial_intelligence,https://en.wikipedia.org/wiki/Philip_K._Dick
